Ref,Val,Package,PosX,PosY,Rot,Side
"C1","100nF","C_0603_1608Metric",24.000000,-42.000000,0.000000,top
"C2","100nF","C_0603_1608Metric",24.000000,-68.000000,0.000000,top
"C3","100nF","C_0603_1608Metric",24.000000,-94.000000,0.000000,top
"C4","100nF","C_0603_1608Metric",38.000000,-52.000000,0.000000,top
"CB11","1000uF_10V","CP_Radial_D10.0mm_P5.00mm",138.000000,-16.000000,0.000000,top
"CB12","1000uF_10V","CP_Radial_D10.0mm_P5.00mm",148.000000,-28.000000,0.000000,top
"CB21","1000uF_10V","CP_Radial_D10.0mm_P5.00mm",138.000000,-49.000000,0.000000,top
"CB22","1000uF_10V","CP_Radial_D10.0mm_P5.00mm",148.000000,-61.000000,0.000000,top
"CB31","1000uF_10V","CP_Radial_D10.0mm_P5.00mm",138.000000,-82.000000,0.000000,top
"CB32","1000uF_10V","CP_Radial_D10.0mm_P5.00mm",148.000000,-94.000000,0.000000,top
"CM11","22uF_10V","C_1206_3216Metric",135.000000,-36.000000,0.000000,top
"CM12","22uF_10V","C_1206_3216Metric",142.000000,-36.000000,0.000000,top
"CM13","22uF_10V","C_1206_3216Metric",149.000000,-36.000000,0.000000,top
"CM14","22uF_10V","C_1206_3216Metric",156.000000,-36.000000,0.000000,top
"CM21","22uF_10V","C_1206_3216Metric",135.000000,-69.000000,0.000000,top
"CM22","22uF_10V","C_1206_3216Metric",142.000000,-69.000000,0.000000,top
"CM23","22uF_10V","C_1206_3216Metric",149.000000,-69.000000,0.000000,top
"CM24","22uF_10V","C_1206_3216Metric",156.000000,-69.000000,0.000000,top
"CM31","22uF_10V","C_1206_3216Metric",135.000000,-102.000000,0.000000,top
"CM32","22uF_10V","C_1206_3216Metric",142.000000,-102.000000,0.000000,top
"CM33","22uF_10V","C_1206_3216Metric",149.000000,-102.000000,0.000000,top
"CM34","22uF_10V","C_1206_3216Metric",156.000000,-102.000000,0.000000,top
"D1","SMBJ5.0A","D_SMB",88.000000,-10.000000,0.000000,top
"F1","ATO_FUSE_10A","Fuseholder_Blade_ATO_Littelfuse_Pudenz_2_Pin",112.000000,-13.000000,0.000000,top
"F2","ATO_FUSE_10A","Fuseholder_Blade_ATO_Littelfuse_Pudenz_2_Pin",112.000000,-24.000000,0.000000,top
"F3","ATO_FUSE_10A","Fuseholder_Blade_ATO_Littelfuse_Pudenz_2_Pin",112.000000,-35.000000,0.000000,top
"F4","ATO_FUSE_10A","Fuseholder_Blade_ATO_Littelfuse_Pudenz_2_Pin",112.000000,-46.000000,0.000000,top
"F5","ATO_FUSE_10A","Fuseholder_Blade_ATO_Littelfuse_Pudenz_2_Pin",112.000000,-57.000000,0.000000,top
"F6","ATO_FUSE_10A","Fuseholder_Blade_ATO_Littelfuse_Pudenz_2_Pin",112.000000,-68.000000,0.000000,top
"F7","ATO_FUSE_10A","Fuseholder_Blade_ATO_Littelfuse_Pudenz_2_Pin",112.000000,-79.000000,0.000000,top
"F8","ATO_FUSE_10A","Fuseholder_Blade_ATO_Littelfuse_Pudenz_2_Pin",112.000000,-90.000000,0.000000,top
"F9","ATO_FUSE_10A","Fuseholder_Blade_ATO_Littelfuse_Pudenz_2_Pin",112.000000,-101.000000,0.000000,top
"J_HUB1","HUB75_IDC_2x8","IDC-Header_2x08_P2.54mm_Vertical",76.000000,-26.000000,0.000000,top
"J_HUB2","HUB75_IDC_2x8","IDC-Header_2x08_P2.54mm_Vertical",76.000000,-57.000000,0.000000,top
"J_HUB3","HUB75_IDC_2x8","IDC-Header_2x08_P2.54mm_Vertical",76.000000,-88.000000,0.000000,top
"J_PI","PI5_GPIO_2x20","PinSocket_2x20_P2.54mm_Vertical",8.000000,-12.000000,0.000000,top
"J_PNL1","PANEL_5V_OUT","TerminalBlock_Phoenix_MKDS-1,5-2_1x02_P5.00mm_Horizontal",97.000000,-13.000000,0.000000,top
"J_PNL2","PANEL_5V_OUT","TerminalBlock_Phoenix_MKDS-1,5-2_1x02_P5.00mm_Horizontal",97.000000,-24.000000,0.000000,top
"J_PNL3","PANEL_5V_OUT","TerminalBlock_Phoenix_MKDS-1,5-2_1x02_P5.00mm_Horizontal",97.000000,-35.000000,0.000000,top
"J_PNL4","PANEL_5V_OUT","TerminalBlock_Phoenix_MKDS-1,5-2_1x02_P5.00mm_Horizontal",97.000000,-46.000000,0.000000,top
"J_PNL5","PANEL_5V_OUT","TerminalBlock_Phoenix_MKDS-1,5-2_1x02_P5.00mm_Horizontal",97.000000,-57.000000,0.000000,top
"J_PNL6","PANEL_5V_OUT","TerminalBlock_Phoenix_MKDS-1,5-2_1x02_P5.00mm_Horizontal",97.000000,-68.000000,0.000000,top
"J_PNL7","PANEL_5V_OUT","TerminalBlock_Phoenix_MKDS-1,5-2_1x02_P5.00mm_Horizontal",97.000000,-79.000000,0.000000,top
"J_PNL8","PANEL_5V_OUT","TerminalBlock_Phoenix_MKDS-1,5-2_1x02_P5.00mm_Horizontal",97.000000,-90.000000,0.000000,top
"J_PNL9","PANEL_5V_OUT","TerminalBlock_Phoenix_MKDS-1,5-2_1x02_P5.00mm_Horizontal",97.000000,-101.000000,0.000000,top
"J_QT1","STEMMAQT_I2C0","JST_SH_SM04B-SRSS-TB_1x04-1MP_P1.00mm_Horizontal",114.000000,-7.000000,0.000000,top
"J_QT2","STEMMAQT_I2C0","JST_SH_SM04B-SRSS-TB_1x04-1MP_P1.00mm_Horizontal",128.000000,-7.000000,0.000000,top
"LED1","PWR_GREEN","LED_0805_2012Metric",164.000000,-27.000000,0.000000,top
"LED2","PWR_GREEN","LED_0805_2012Metric",164.000000,-60.000000,0.000000,top
"LED3","PWR_GREEN","LED_0805_2012Metric",164.000000,-93.000000,0.000000,top
"PF1","POLYFUSE_5A","Fuse_Bourns_MF-RG500",76.000000,-12.000000,0.000000,top
"RL1","1k","R_0805_2012Metric",158.000000,-27.000000,0.000000,top
"RL2","1k","R_0805_2012Metric",158.000000,-60.000000,0.000000,top
"RL3","1k","R_0805_2012Metric",158.000000,-93.000000,0.000000,top
"RN1","33Rx4","R_Array_Convex_4x0603",58.000000,-30.000000,0.000000,top
"RN2","33Rx4","R_Array_Convex_4x0603",58.000000,-38.000000,0.000000,top
"RN3","33Rx4","R_Array_Convex_4x0603",58.000000,-56.000000,0.000000,top
"RN4","33Rx4","R_Array_Convex_4x0603",58.000000,-64.000000,0.000000,top
"RN5","33Rx4","R_Array_Convex_4x0603",58.000000,-82.000000,0.000000,top
"RN6","33Rx4","R_Array_Convex_4x0603",58.000000,-90.000000,0.000000,top
"RN7","33Rx4","R_Array_Convex_4x0603",52.000000,-44.000000,0.000000,top
"RP1","10k","R_0603_1608Metric",138.000000,-7.000000,0.000000,top
"RP2","10k","R_0603_1608Metric",144.000000,-7.000000,0.000000,top
"TB1","TRUNK_IN_12A","TerminalBlock_Phoenix_MKDS-1,5-2_1x02_P5.00mm_Horizontal",158.000000,-16.000000,0.000000,top
"TB2","TRUNK_IN_12A","TerminalBlock_Phoenix_MKDS-1,5-2_1x02_P5.00mm_Horizontal",158.000000,-49.000000,0.000000,top
"TB3","TRUNK_IN_12A","TerminalBlock_Phoenix_MKDS-1,5-2_1x02_P5.00mm_Horizontal",158.000000,-82.000000,0.000000,top
"U1","74AHCT245PW","TSSOP-20_4.4x6.5mm_P0.65mm",24.000000,-34.000000,0.000000,top
"U2","74AHCT245PW","TSSOP-20_4.4x6.5mm_P0.65mm",24.000000,-60.000000,0.000000,top
"U3","74AHCT245PW","TSSOP-20_4.4x6.5mm_P0.65mm",24.000000,-86.000000,0.000000,top
"U4","74AHCT245PW","TSSOP-20_4.4x6.5mm_P0.65mm",38.000000,-44.000000,0.000000,top
